,상품명,가격
0,(22FW) 2 TONE ARCH HOODIE GRAY,"67,150원"
1,원턱 와이드 스웨트팬츠 그레이,"36,400원"
2,Deep One Tuck Sweat Pants [Grey],"39,000원"
3,2WAY 스웻 후드 집업 (MELANGE GREY),"42,000원"
4,레플리카 퍼티그 팬츠 [카키],"43,900원"
5,오버핏 비건레더 싱글 자켓,"89,000원"
6,N224MDW920 헤론 U넥 경량 다운 점퍼 CARBON BLACK,"149,000원"
7,MA-1 레귤러 Black,"279,000원"
8,릴렉스드 베이식 블레이저 [블랙],"81,900원"
9,버핑레더 오버핏 블루종_Black,"69,900원"
10,유니섹스 세미 와이드 밴딩 슬랙스,"33,900원"
11,[니티드X깡스타일리스트] 코튼 미니멀 라운드 니트 BLACK,"59,400원"
12,베이직 퍼플리스 집업_SPFZC4TU01,"29,900원"
13,와이드 히든 밴딩 슬랙스 [블랙],"41,900원"
14,헤비 코튼 오버 럭비 맨투맨 _Midnight Blue,"39,000원"
15,[리뉴얼 ver.][3M 신슐레이트]오리지널 M-1965 피쉬테일 파카_Original Khaki,"99,900원"
16,척 70 클래식  블랙 162058C,"85,500원"
17,프리미어 퓨어 캐시미어 히든 싱글 코트 [BLACK],"219,000원"
18,테이퍼드 히든 밴딩 크롭 슬랙스 [블랙],"39,900원"
19,레이어드 크루 넥 반팔 티셔츠_일반 기장 [화이트],"16,900원"
20,워셔블 하찌 니트 - 11 COLOR,"38,900원"
21,베이식 긴팔 티셔츠 2팩,"37,800원"
22,MTR 발마칸 코트 (블랙),"296,100원"
23,(22FW) 2 TONE ARCH HOODIE BLACK,"67,150원"
24,베이직 푸퍼_SPJPC4TC11,"69,900원"
25,22FW OVERSIZED CASHMERE BALMACAAN COAT BLACK,"269,100원"
26,올드스쿨 플랫폼 - 블랙:화이트 / VN0A3B3UY281,"85,000원"
27,세미 와이드 히든 밴딩 슬랙스 [블랙],"39,900원"
28,플리스 집업 자켓 블랙,"63,200원"
29,올드스쿨(캔버스) - 블랙:트루 화이트 / VN000ZDF1WX1,"79,000원"
30,N224WDW920 여성 헤론 U넥 경량 덕다운 점퍼 L BEIGE,"149,000원"
31,[리뉴얼 ver.][3M 신슐레이트] M-1965 피쉬테일 숏 파카_Vintage Black,"89,900원"
32,척 70 클래식 블랙 162050C,"89,100원"
33,리버시블 쉐르파 집업 자켓 아이보리,"103,200원"
34,[SET] (맨투맨 OR 후드 선택) CGP 아치 로고 트레이닝 셋업_멜란지그레이,"69,900원"
35,XT-6 - 블랙:블랙:팬텀 / L41086600,"260,000원"
36,원턱 와이드 스웨트팬츠 블랙,"36,400원"
37,오버핏 램스킨 싱글 자켓,"225,000원"
38,바시티 자켓 WHJJC4V24U,"116,100원"
39,코트_오프 화이트,"129,000원"
40,MTR 오버핏 더블 롱 코트 (블랙),"300,600원"
41,아크 블랙 메신저백,"71,100원"
42,UNISEX LAUREL OVERSIZED HOODIE BLACK,"48,300원"
43,[비건 레더] 필드 자켓 블랙,"79,900원"
44,1967 JET BLACK JEANS [WIDE STRAIGHT],"63,960원"
45,척테일러 올스타 블랙 옥스 M9166C,"53,100원"
46,오버사이즈 MA-1 보머 재킷 [블랙],"89,900원"
47,화란 세미오버 가디건 블랙,"71,175원"
48,[매트블랙] 버핑레더 미니멀 포켓 블루종_Matt Black,"69,900원"
49,조그 100 2 - 블랙:블랙 / TJG138-9090,"69,000원"
50,와이드 데님 팬츠 (DEEP GREY),"46,000원"
51,1461 3홀 모노 블랙 14345001,"190,000원"
52,Deep One Tuck Sweat Pants [Black],"39,000원"
53,[질바이질스튜어트 X 쭈언니 케미백] 블랙 레더 로고 웨빙 크로스 겸용 미디움 쇼퍼백,"148,000원"
54,[니티드X깡스타일리스트] 코튼 미니멀 라운드 니트 IVORY,"59,400원"
55,리치 오버 MA-1 자켓 블랙 YHJK2269,"64,900원"
56,서플러스 울(WOOL) 65 세미오버 발마칸 코트_블랙,"169,000원"
57,NJ1DN75A 남성 1996 에코 눕시 자켓,"339,000원"
58,[22F/W 리뉴얼] 오버사이즈 멜톤 더플 롱 코트 네이비,"99,900원"
59,(기모) 유니섹스 세미 와이드 밴딩 슬랙스 겨울,"36,900원"
60,와이드 데님 팬츠 (LIGHT BLUE),"46,000원"
61,슈퍼스타 - 화이트:블랙 / EG4958,"119,000원"
62,슬레이크 후드 네이비 HHHD3397,"39,800원"
63,캐시미어 블렌드 오버사이즈 싱글 코트 [블랙],"159,900원"
64,[리뉴얼 ver.][3M 신슐레이트]오리지널 M-1965 피쉬테일 파카_Vintage Black,"99,900원"
65,T-Logo Hoodie Heather Grey,"95,000원"
66,RETRIEVER CREWNECK [NAVY],"58,650원"
67,(22FW) (YALE HEAVYWEIGHT) MIXED HOODIE NAVY,"80,100원"
68,(22FW) WARM+ UP QUILTING JACKET BLACK,"89,100원"
69,이지 와이드 데님 팬츠 블랙,"42,000원"
70,[드로우핏X깡스타일리스트] 모크넥 니트 티셔츠 SET,"43,900원"
71,파스텔 푸퍼_SPJPC4TG01,"69,900원"
72,슈퍼스타 - 블랙:화이트 / EG4959,"119,000원"
73,와이드 히든 밴딩 슬랙스 [미디엄 그레이],"41,900원"
74,캐시미어 블렌드 대디 숄더 싱글 롱 코트 [블랙],"189,900원"
75,NJ1DN60A_눕시 하이브리드 볼 다운 자켓,"236,550원"
76,픽토르 U 구스다운 경량패딩 (BLACK),"159,000원"
77,에센셜 후드 스웻 셔츠 (MELANGE GREY),"39,000원"
78,슈퍼스타 - 골든 베이지 / GZ4831,"129,000원"
79,(22FW) 2 TONE ARCH HOODIE NAVY,"67,150원"
80,REVERSIBLE WARM UP QUILTING JACKET BLACK / IVORY,"103,200원"
81,980g pigment mtm-charcoal-,"47,600원"
82,[니티드X깡스타일리스트] 코튼 미니멀 라운드 니트 GREEN,"59,400원"
83,에어 포스 1 07 로우 운동화 CW2288-111,"199,000원"
84,오버사이즈 집업 카라 터틀넥 니트 [M.GREY],"68,400원"
85,[핏더사이즈X슈펜] Seku-shi(세쿠시) 첼시 부읏츠  BYTM20W12,"137,600원"
86,데일리 라운드 니트 - 6 COLOR,"39,530원"
87,오버사이즈 블레이저 [블랙],"71,290원"
88,하프 집업 카라 니트 - 4 COLOR,"39,530원"
89,베이식 블레이저 [블랙],"71,890원"
90,뉴필드 후드 남색 SMHD4457,"46,400원"
91,우먼즈 캐시미어 블렌드 발마칸 로브 코트 [블랙],"209,900원"
92,사계절 스트링 트레이닝팬츠 (그레이),"43,400원"
93,브라운 대디핏 반더블 맥시 코트 IECO2F701W2,"297,000원"
94,젤-1090 - 화이트:미드나이트 / 1021A275-100,"99,000원"
95,N224MFJ910 남성 코스토니 플리스 뽀글이 후드 풀집업 SUGAR SWIZZLE IVORY,"159,000원"
96,캐시미어 블렌드 오버사이즈 발마칸 코트 [블랙],"199,900원"
97,MTR 발마칸 코트 (멜란지토프),"296,100원"
98,[패키지] 와이드핏 트레이닝 스웨트 팬츠,"39,900원"
99,올드스쿨 - (껌)블랙:화이트 /  VN0001R1GI61,"54,900원"
100,오버사이즈 울 블레이저 BLACK,"154,000원"
101,2WAY 스웻 후드 집업 (BLACK),"42,000원"
102,오버사이즈 집업 카라 터틀넥 니트 [BLACK],"68,400원"
103,슬레이크 후드 올리브 HHHD3397,"39,800원"
104,리버시블 카라리스 쉐르파 집업 자켓 아이보리,"95,200원"
105,N224MFJ910 남성 코스토니 플리스 뽀글이 후드 풀집업 CARBON BLACK,"159,000원"
106,Half  Zip-Up M-Logo Sweat  (JM5TSU838MW),"58,650원"
107,미시간 울버린 피그먼트 후드티 블랙 차콜,"54,900원"
108,빅 트위치 루즈핏 후드 티셔츠 네이비,"63,200원"
109,[질바이질스튜어트 X 쭈언니 케미백] 블랙 리사이클 나일론 로고 웨빙 크로스 겸용 미디움 쇼퍼백,"148,000원"
110,깡스타일리스트 X 론트 127 Mockneck Black Knit Shirt,"54,445원"
111,캐시미어 더블 브레스티드 코트 (블랙),"255,000원"
112,BW 아미 - 화이트 / BZ0579,"108,900원"
113,워싱 스티치 데님자켓 (BLACK),"59,000원"
114,화란 세미오버 니트 블랙,"61,600원"
115,N224WDW920 여성 헤론 U넥 경량 덕 다운 점퍼 CARBON BLACK,"149,000원"
116,뉴탐페레 첼시 부츠 R17M077 (블랙),"139,000원"
117,Ray Yacht Parka Black,"119,000원"
118,Arch-Logo Hoodie Heather Grey,"89,000원"
119,Black Stardust - MOD1w,"79,500원"
120,블랙 오버핏 모크넥 하프 집업 니트 IESW2F701BK,"87,000원"
121,코튼 워셔블 하찌 하프집업 니트_5 COLOR,"54,900원"
122,리버서블 후드웜업 [2color] WHJJC4T01U,"89,910원"
123,숏 퀼팅 자켓 블랙,"71,200원"
124,TAG HOODIE - BLACK,"69,000원"
125,TAYLOR VARSITY JACKET - BLACK,"119,000원"
126,빈티지 반 집업_네이비,"64,800원"
127,와이드 코듀로이 팬츠 [크림],"47,900원"
128,N224MDW920 헤론 U넥 경량 다운 점퍼 BEIGE,"149,000원"
129,SWEATSHIRT FLOWERMARDI_OATMEAL BLACK,"67,500원"
130,Wide String Cargo Slacks Pants Black,"39,000원"
131,BLACK DOUBLE LONG GOOSE DOWN,"311,200원"
132,퍼 카라 스웨이드 슬리퍼 (코케트) W - 체스넛 / 5125CHE,"178,000원"
133,베이스먼트 더비 R21M042 (BX 블랙),"124,000원"
134,RDS 커버라이트 카라리스 다운 점퍼 블랙,"107,100원"
135,NJ1DN50J 화이트라벨 노벨티 눕시 다운 자켓,"348,000원"
136,퍼프 플라이트 MA-1 (블랙),"211,500원"
137,리버시블 쉐르파 후디 집업 자켓 아이보리,"119,200원"
138,WTRD1203 클리프 스퀘어토 4홀 더비슈즈 블랙 [250~290MM],"71,200원"
139,NM2DN51A_빅샷,"135,000원"
140,카라 케이블 니트 집업 블랙,"55,800원"
141,스트레이트 데님 팬츠 [크림],"49,900원"
142,엔젤 와펜 집업 후드 그레이,"59,250원"
143,MULTI ZIPPER BOMBER JACKET [TAUPE],"299,000원"
144,WALLABEE 26155515,"258,000원"
145,깡 스타일리스트 X 플랙 자켓 K75 그레이 블랙,"149,000원"
146,(22FW) WARM+ UP QUILTING JACKET IVORY,"89,100원"
147,오버사이즈 디태처블 후드 MA-1 보머 재킷 [블랙],"129,900원"
148,DOODLE LOGO HOODIE - BLACK,"87,000원"
149,XT-6 - 화이트:화이트:루나 락 / L41252900,"260,000원"
150,레이어드 크루 넥 반팔 티셔츠_긴 기장 [화이트],"16,900원"
151,와이드 절개 벌룬팬츠 코튼 카키,"59,800원"
152,LT431_러닝클럽 럭비 맨투맨_네이비,"49,000원"
153,픽토르 U 구스다운 경량패딩 (IVORY),"159,000원"
154,Velour Soccer Jersey Black,"107,100원"
155,서플러스 울(WOOL) 65 세미오버 더플 코트_네이비,"169,000원"
156,MTR 캐시미어 발마칸 코트 BLACK,"379,000원"
157,스타일 36 데콘 SF - (스웨이드/캔버스) 마쉬멜로우 / VN0A3MVL2261,"43,900원"
158,라이트웨이트 크루 삭스 7팩 [화이트],"17,890원"
159,939 LOGO SWEAT PANTS (BLACK),"79,000원"
160,Classic Sweat Pants [Grey],"39,000원"
161,[내피분리형] US-ARMY 밀리터리 피쉬테일 후드 롱파카_카키,"98,900원"
162,High Density Corduroy Jacket (Orange Brown),"160,300원"
163,디스트레스 믹스드 레더 점퍼 (다크브라운),"378,000원"
164,나마스테 스켈레톤 후디_핑크(NG2CFUM423A),"63,200원"
165,[3-PACK]베이직 트래블러 피그먼트 스웨트셔츠,"59,900원"
166,스트레이트 데님 팬츠 [라이트 인디고],"49,900원"
167,엔젤 와펜 집업 후드 블랙,"59,250원"
168,솔리드 무톤 자켓,"158,000원"
169,N224MDW920 헤론 U넥 경량 다운 점퍼 L BEIGE,"149,000원"
170,리버서블 후드웜업 [3color] WHJJC4T01U,"89,910원"
171,[내피분리형] US-ARMY 밀리터리 피쉬테일 후드 숏파카_블랙,"89,900원"
172,스웨트 셔츠 [블랙],"29,900원"
173,오다 메리제인 (104913-NEGRO),"62,000원"
174,코듀로이 바시티 자켓 네이비,"60,800원"
175,오디너리 크롭 가디건 블랙,"71,175원"
176,스크림 로고 후디_블랙(NG2CFUM426A),"63,200원"
177,덕다운 미니멀 블루종 패딩_Black,"99,800원"
178,해비 코튼 썸홀 후디 : 15color,"73,900원"
179,2001 SLOW WORKER DENIM WASH. JACKET [BLACK INDIGO],"87,550원"
180,비건 투웨이 블루종 스웨이드 밴딩 점퍼 자켓 [아이보리],"47,530원"
181,컴피쿠시 원 - (체커보드) 블랙:마시멜로우 / VN0A45J5R6R1,"84,900원"
182,[무봉제]덕다운 심리스 미니멀 푸퍼 숏패딩_Black,"89,900원"
183,[리뉴얼 ver.][3M 신슐레이트] M-1965 피쉬테일 숏 파카_Original Khaki,"89,900원"
184,[리뉴얼] 하프 터틀넥 니트 세트,"39,900원"
185,NJ4FN50J 화이트라벨 리모 플리스 자켓,"159,600원"
186,오버핏 크롭 카라 가디건 [블랙],"77,300원"
187,베츠 어센틱 후드 그레이,"49,200원"
188,스타일 36 - 마쉬멜로우:레이싱 레드 / VN0A3DZ3OXS1,"62,900원"
189,스탠다드 후드 스웨트 집업 - 멜란지 그레이,"44,790원"
190,파이핑 라인 나일론 자켓_네이비,"110,400원"
191,오버사이즈 발마칸 코트 BLACK,"339,000원"
192,컨템포러리 바시티 자켓 블랙,"169,200원"
193,우먼즈 캐시미어 블렌드 쇼트 맥 코트 [블랙],"149,900원"
194,[프렌치테리] 루즈핏 2-WAY 후드집업_SPMZC49U01,"32,900원"
195,로그 오버핏 기모 후드 그레이 YHHD2302,"34,900원"
196,스트레이트 데님 팬츠 [워시드 블랙],"49,900원"
197,BW 아미 - 화이트:그레이 / HP5515,"108,900원"
198,[Mmlg] 19MG HOOD (AUTHENTIC NAVY),"73,800원"
199,바이오스톤 워싱 와이드 데님 팬츠 (DEEP GRAY),"39,800원"
200,하찌 카라 투웨이 집업 니트 - 3 COLOR,"49,770원"
201,TAG HOODIE - ASH,"69,000원"
202,리버서블 덤블 숏푸퍼 [4color] WHJPC4V02U,"116,100원"
203,미니멀 소프트 울 자켓 [DARK BROWN],"139,200원"
204,그레이 오버핏 모크넥 하프 집업 니트 IESW2F701G2,"87,000원"
205,플리스 카라리스 자켓 블랙,"63,200원"
206,릴렉스 핏 옥스포드 셔츠 [화이트],"33,900원"
207,BLACK NORMAL CHIP (테이퍼드 핏),"45,000원"
208,오버핏 옥스포드 셔츠_SPYWC49C03,"39,900원"
209,코드 후드 집업 자켓 스모크 그레이,"49,900원"
210,Punk Town - MOD7,"102,400원"
211,COLLAR STRIPE BOARDER KNIT WH+BK,"75,050원"
212,[질바이질스튜어트 X 쭈언니 케미백] 블랙 리사이클 나일론 로고 웨빙 크로스 겸용 라지 쇼퍼백,"158,000원"
213,이지 와이드 데님 팬츠 그레이,"42,000원"
214,스트럭처드 오버사이즈 스웨트셔츠 [블랙],"49,900원"
215,[SET] 클럽 에센셜 컴포트 셋업,"59,000원"
216,울리치 발마칸 오버 코트_Black,"118,000원"
217,서플러스 울(WOOL) 65 바시티 자켓_블랙,"149,000원"
218,유스풀 벌룬 후드집업 그레이 SJHD1327,"39,800원"
219,후디드 스웨트 집업 [멜란지 그레이],"43,900원"
220,슈퍼스타 x PARLEY - 화이트:블랙 / GV7615,"90,300원"
221,깡 스타일리스트 X 플랙 스티즈 K75 그레이 블랙,"79,000원"
222,ACCORDION WALLET IN BLACK,"85,000원"
223,VINCENT M65 FISHTAIL PARKA 003 _ OLIVE,"158,400원"
224,Half  Zip-Up M-Logo Sweat  (JM5TSU838BK),"58,650원"
225,22FW OVERSIZED M65 HOOD SHORT DOWN PARKA BLACK,"242,100원"
226,버핑레더 미니멀 포켓 블루종_Black,"69,900원"
227,바이오스톤 워싱 와이드 데님 팬츠 (BLUE GRAY),"39,800원"
228,미니멀 스퀘어 하드레더 벨트,"29,800원"
229,파로 오버 사이즈 부클 가디건 클래식 블랙,"126,650원"
230,EMBROIDERY UNIVERSITY DAN FLEECE TRACK JACKET BLACK,"59,250원"
231,스타일 36 - 마시멜로우:졸리 그린 / VN0A3DZ3RFX1,"62,900원"
232,젤-카야노 14 - 크림:퓨어 실버 / 1201A019-105,"159,000원"
233,라운지 스웨트 팬츠 [블랙],"31,900원"
234,ODPL 와이드 데님 핏 내츄럴크림진,"36,900원"
235,더블린 언발란스 캐시미어  블렌드 니트 클래식 차콜,"152,100원"
236,T-Logo Hoodie Black,"95,000원"
237,프리미어 퓨어 캐시미어 발마칸 코트 [BLACK],"246,400원"
238,시그니처 패치 후드집업 WHMZC4911U,"62,910원"
239,Longsleeve 무지 긴팔티,"27,900원"
240,척 70 클래식  파치먼트 162062C,"85,500원"
241,ODSD 로고 아플리케 후드 - 8COLOR,"51,350원"
242,램스울 크루넥 오버니트(블랙),"37,800원"
243,슬레이크 후드 블랙 HHHD3397,"39,800원"
244,SWEATSHIRT FLOWERMARDI_WHITE VIVIDBLUE,"67,500원"
245,[SET] 로럴골든 후드티 조거팬츠 셋업_(5color),"75,500원"
246,[SET] (맨투맨 OR 후드 선택) CGP 아치 로고 트레이닝 셋업_네이비,"69,900원"
247,N224UFJ901 오르카 스탠다드 플리스 집업 CARBON BLACK,"89,000원"
248,클럽 맨투맨 블랙,"59,900원"
249,미니멀 스탠다드 카고조거 슬랙스,"54,300원"
250,N224WDW920 여성 헤론 U넥 경량 덕 다운 점퍼 BEIGE,"149,000원"
251,TAG KEEP HOODIE - NAVY,"69,000원"
252,[Mmlg] 19MG HOOD (EVERY GREY),"73,800원"
253,우먼즈 오버사이즈 블레이저 [블랙],"75,490원"
254,V NECK CABLE CARDIGAN NAVY,"75,050원"
255,Half  Zip-Up M-Logo Sweat  (JM5TSU838MG),"58,650원"
256,케이블니트 코튼 스웨터 - 블루,"239,000원"
257,척테일러 올스타 블랙 하이 M9160C,"58,500원"
258,탑필 울 라운드 니트 (블랙),"61,600원"
259,울 블루종 (모카그레이),"179,100원"
260,[패키지] 2pack 뉴필드 후드 6종 SMHD4457,"79,800원"
261,RESEARCH HOODIE [KHAKI],"69,800원"
262,베이식 긴팔 티셔츠 [화이트],"18,900원"
263,엔젤 와펜 후드 블랙,"55,200원"
264,THINK PACK,"79,000원"
265,시그니쳐 로고 후드 그레이,"59,000원"
266,캐시미어 블렌드 오버사이즈 발마칸 맥시 코트 [블랙],"269,900원"
267,셀렉션 스퀘어토 첼시 부츠 R21M025 (블랙),"142,000원"
268,Oblong bag Mini · 오블롱백 미니,"96,000원"
269,코튼 트윌 치노재킷 - 네이비,"389,000원"
270,Two Tuck Wide Black Jeans,"119,250원"
271,헤비오버핏 램스울 가디건 챠콜,"69,500원"
272,SWEATSHIRT FLOWERMARDI_NAVY VIOLET,"67,500원"
273,MA-1 레귤러 Sage green,"279,000원"
274,XTK037 보운 니트 집업 (BLACK),"63,200원"
275,3S 우븐 트랙수트 세트 - 블랙 / GK9950,"64,900원"
276,플리스 집업 자켓 아이보리,"63,200원"
277,Banding One Tuck Wide Denim Pants - Deep Blue,"49,000원"
278,CGP 아치 로고 후드 집업_그레이,"49,900원"
279,[테이퍼드핏]MILD BLUE CHIP,"45,000원"
280,1461 3홀 블랙 스무스 / 11838002,"190,000원"
281,SECOND.A 볼륨 라운드토 5CM 더비슈즈 2NDF2700GB [BLACK],"78,400원"
282,오버핏 아치 로고 스웨트 셔츠-그린,"39,900원"
283,[Mmlg] 19MG HOOD (EVERY BLACK),"73,800원"
284,헤비 보아 플리스 무톤 자켓_베이지,"89,900원"
285,22AW Voyager Balmacaan Coat (Dark Navy),"418,000원"
286,와이드 데님 팬츠 [라이트 인디고],"49,900원"
287,zip wp hood jacket olive green,"179,100원"
288,[비건 레더] 래글런 바시티 자켓 블랙,"59,900원"
289,우먼즈 릴렉스드 라운지 스웨트 팬츠 [블랙],"33,900원"
290,블러리 로고 스웨트셔츠 [블랙],"62,100원"
291,[패딩Ver.] 2-WAY 유틸리티 MA-1 자켓_그레이,"75,900원"
292,베츠 어센틱 후드 블랙,"49,200원"
293,헤리티지 블레이저 시리즈,"109,850원"
294,C 로고 맨투맨 네이비,"53,100원"
295,릴렉스드 데님 트러커 재킷 [워시드 블랙],"69,900원"
296,오버로크 스티치 숏 부츠 (클래식 숏 II) W - 체스넛 / 1016223CHE,"211,490원"
297,오버핏 아치 로고 스웨트 셔츠-네이비,"39,900원"
298,(22FW) EMBROIDERY UNIVERSITY DAN HOODIE ZIP UP GRAY,"80,100원"
299,케이블니트 V넥 스웨터 - 크림,"219,000원"
300,ROUND LOGO CREWNECK SWEATSHIRT BLACK,"47,200원"
301,화란 세미오버 가디건 클라우드 그레이,"71,175원"
302,사계절 스트링 트레이닝팬츠 (블랙),"43,400원"
303,베이직 니트 체크 머플러 - 21COLOR,"27,000원"
304,더블턱 와이드 슬랙스[블랙],"39,900원"
305,와이드 조거 스웻 팬츠 (MELANGE GREY),"36,000원"
306,버핑레더 유틸리티 플랩 미니 크로스백_Black,"39,900원"
307,베이스먼트 더비 R21M042 (FG 블랙),"124,000원"
308,BUCKLE STRAP HOBO BAG,"84,150원"
309,데이브레이크 운동화 CK2351-101,"136,900원"
310,하이 벤트 레이어드 티셔츠 [WHITE],"29,250원"
311,프리미어 퓨어 캐시미어 로브 더블 코트 [BLACK],"246,400원"
312,우먼즈 플랫 테리 와이드 라운지 스웨트 팬츠 [블랙],"33,900원"
313,리버서블 덤블 숏푸퍼 [3color] WHJPC4V02U,"116,100원"
314,Teenager Cowboy - MOD1w,"110,400원"
315,90S 트랙 스웨트셔츠_그레이,"68,000원"
316,1461 쿼드 블랙 폴리시드 스무스 25567001,"230,000원"
317,디테처블 후드 MA-1 점퍼,"328,000원"
318,[SET] (맨투맨 OR 후드 선택) CGP 오리진 호랑이 로고 트레이닝 셋업_멜란지그레이,"69,900원"
319,LONELY/LOVELY FLUFF HOODIE ZIP-UP GRAY,"142,200원"
320,이지 와이드 데님 팬츠 딥블루인디고,"42,000원"
321,릴렉스 핏 크루 넥 반팔 티셔츠 [화이트],"15,900원"
322,오버사이즈 울 트렌치 코트 [BEIGE],"156,700원"
323,런스타 하이크 블랙 166800C,"92,650원"
324,RDS 씨빅 다운 숏 푸퍼 블랙,"143,200원"
325,2WAY 스냅 블루종_아이보리,"122,400원"
326,Signature relax wide pants - BLACK,"79,000원"
327,케이블니트 V넥 스웨터 - 블랙,"219,000원"
328,스트럭처드 라운지 스웨트 팬츠 [미디엄 그레이],"56,900원"
329,[드로우핏X깡스타일리스트] 터틀넥 니트 티셔츠 SET,"43,900원"
330,스크림 로고 후디_화이트(NG2CFUM426A),"63,200원"
331,리얼 와이드 히든 밴딩 슬랙스 [블랙],"43,900원"
332,와이드 빅포켓 밴딩 카고 팬츠 카키,"55,200원"
333,BLUER TEAM HOODIE DUSTY BLUE,"109,000원"
334,플레인 첼시 부츠 [블랙],"119,900원"
335,빅 트위치 루즈핏 후드 티셔츠 블랙,"63,200원"
336,NC3NN50J 화이트라벨 알칸 EX 온볼 코트,"219,300원"
337,라운지 스웨트 팬츠 [멜란지 그레이],"31,900원"
338,리버시블 쉐르파 집업 자켓 블랙,"103,200원"
339,에센셜 메신져백 블랙,"39,500원"
340,[비건스웨이드] 크루얼티프리 알파 스웨이드 자켓 iro097 블랙,"69,900원"
341,버핑레더 오버핏 MA-1자켓_Crack Brown,"85,600원"
342,남녀공용 베이직 푸퍼 다운_MM4W9891,"97,200원"
343,[드로우핏X깡스타일리스트] 밴딩 테이퍼드 슬랙스 [GREY],"49,800원"
344,스키퍼 Black,"527,000원"
345,T-Logo Hoodie Navy,"95,000원"
346,빅 트위치 루즈핏 후드 티셔츠 그레이,"63,200원"
347,우먼즈 캐시미어 블렌드 더블 체스터 롱 코트 [블랙],"189,900원"
348,젤-1090 - 미드 그레이:블랙 / 1203A159-020,"99,000원"
349,루키 언스트럭쳐 볼캡 NY (Black),"36,000원"
350,플레인 더비 슈즈 [블랙],"99,900원"
351,램스울 크루넥 오버니트(연차콜),"37,800원"
352,램스킨 싱글 자켓,"225,000원"
353,부클 플라워 맨투맨 네이비,"58,650원"
354,VINCENT M1965 FISHTAIL PARKA 004 _ OLIVE,"197,100원"
355,(22FW) UNIVERSITY DAN CREWNECK NAVY,"64,800원"
356,클래식 슬립온 뮬 - (체커보드) 블랙:화이트/ VN0004KTEO11,"48,900원"
357,스웨이드 레더 플랫폼 부츠 (클래식 미니 플랫폼) W - 체스넛 / 1134991CHE,"278,000원"
358,서킷 레이서 자켓 블랙,"298,000원"
359,오버사이즈 유틸리티 MA-1 보머 재킷 [블랙],"169,900원"
360,로럴골든 후드티_화이트멜란지,"49,500원"
361,대디 숄더 오버사이즈 블레이저 [블랙],"87,900원"
362,KNIT ZIP UP CARDIGAN [BLACK],"143,100원"
363,SWEATSHIRT FLOWERMARDI_OATMEAL GREEN,"67,500원"
364,Turn me On - MOD7w,"89,250원"
365,모두바지 코듀로이 (Khaki),"75,650원"
366,[DIVO] RDS 유틸리티 덕다운 푸파 숏패딩_블랙,"99,900원"
367,넌슬립 자수 후드 그레이,"46,800원"
368,스트레이트 히든 밴딩 슬랙스 [블랙],"39,900원"
369,1960 sweatshirts navy,"59,000원"
370,빈티지 반 집업_오트베이지,"64,800원"
371,[질바이질스튜어트 X 쭈언니 케미백] 블랙 레더 로고 웨빙 크로스 겸용 라지 쇼퍼백,"158,000원"
372,HUNTING HOOD JACKET_BLACK,"118,150원"
373,[패딩Ver.] 2-WAY 유틸리티 MA-1 자켓_블랙,"75,900원"
374,에센셜 쿨 코튼 2-PACK 티셔츠,"39,200원"
375,브라운 오버핏 모크넥 하프 집업 니트 IESW2F701W2,"87,000원"
376,브이넥 투웨이 집업 니트 - 4 COLOR,"59,630원"
377,어센틱 플랫폼 2.0 - 블랙 / VN0A3AV8BLK1,"75,000원"
378,[DIVO] RDS 유틸리티 덕다운 푸파 숏패딩_쿨그레이,"99,900원"
379,싱글 체크 블레이저 브라운,"142,400원"
380,Forik_bl,"265,500원"
381,(22FW) EMBROIDERY UNIVERSITY DAN HOODIE GRAY,"71,100원"
382,레플리카 퍼티그 팬츠 [블랙],"43,900원"
383,OUT x OAM UTILITY HOOD SWEAT_NAVY,"98,000원"
384,조그 100 S - 블랙:블랙 / 1201A325-001,"69,000원"
385,조거 플렉스 FLEX (LIGHT BEIGE),"109,000원"
386,어센틱 로고 후디 그레이,"71,100원"
387,PDC UNIFORM CREWNECK SWEATSHIRT NAVY,"50,000원"
388,(올시즌) 2WAY 어센틱 후드 윈드브레이커 자켓_블랙,"69,900원"
389,슬레이크 후드 화이트오트밀 HHHD3397,"39,800원"
390,슬림 핏 케이블니트 스웨터 - 블랙,"219,000원"
391,[SET] (긴바지 OR 반바지 선택) CGP 서클 로고 하프집업 맨투맨 셋업_멜란지그레이,"69,900원"
392,슈팅스타 로고 후디_베이지(NG2CFUM406A),"63,200원"
393,젤-1090 - 화이트:블랙 / 1021A285-100,"99,000원"
394,[패키지] 로그 오버핏 기모 후드 7종 2Pack YHHD2302,"62,500원"
395,#0214 Moderation indigo straight fit,"73,040원"
396,[Package]시티보이 빅오버 옥스포드 셔츠_7 Color,"59,800원"
397,트위치로고 폴라플리스 집업자켓 블랙,"51,750원"
398,GAFF TEX CARDIGAN (BLACK),"28,900원"
399,[쿨탠다드] 테이퍼드 히든 밴딩 크롭 슬랙스 [블랙],"27,790원"
400,뉴 젤리 비니 NY (Black),"39,000원"
401,[패키지] 루즈핏 트레이닝 스웨트 팬츠,"37,900원"
402,테이퍼드 히든 밴딩 10부 슬랙스 [블랙],"39,900원"
403,NC1DN00A 고 프리 다운 코트,"312,550원"
404,빈티지 반 집업_블랙,"64,800원"
405,오버사이즈 울 트렌치 코트 [BLACK],"156,700원"
406,에센셜 후드 스웻 셔츠 (BLACK),"39,000원"
407,스케이트 로우 - 블랙:트루 화이트 / VN0A4UUK6BT1,"54,900원"
408,[SET] (맨투맨 OR 후드 선택) CGP 아치 로고 트레이닝 셋업_오트밀,"69,900원"
409,벤슨 니트 집업(3 colors),"178,200원"
410,[비건 레더] 바시티 자켓 블랙,"69,900원"
411,[패키지] 스튜디오 아치 오버핏 맨투맨 2PACK (NAVY/MELANGE),"49,800원"
412,원 턱 레귤러 핏 치노 팬츠 [베이지],"41,900원"
413,VINCENT M1965 FISHTAIL PARKA 004 _ BLACK,"197,100원"
414,하비스트 오버핏 기모 후드 차콜 OYHD2393,"39,800원"
415,SWEATSHIRT FLOWERMARDI_NAVY CREAM,"67,500원"
416,미니멀 크루 넥 니트 [블랙],"62,890원"
417,[비건레더] 크루얼티프리 싱글 카라넥 레더 자켓 IRO086 블랙,"69,900원"
418,[IBC22UHD04BK] 캣 펄슨 레터링 후드 - 블랙,"80,100원"
419,3M 신슐레이트 M-65 피시테일 코트 패딩 카키,"99,900원"
420,COWHIDE LEATHER VARSITY JACKET _ OLIVE,"170,100원"
421,울 트윌 블루종 자켓 (블랙),"225,000원"
422,Traveler Oversized Sweater(TEAL GREEN),"57,800원"
423,빈티지 반 집업_다크그린,"64,800원"
424,SMALL SIGN LOGO SWEATSHIRT BLACK,"29,500원"
425,라쿠 베이스볼 오버자켓(네이비),"77,300원"
426,[기모버전 추가] 우먼스 월계수 와이드팬츠(블랙),"29,400원"
427,VELVET VARSITY JACKET BLACK,"153,300원"
428,남성 팀버랜드 6인치 프리미엄 부츠 / 10061-713,"258,000원"
429,커스텀핏 옥스포드 셔츠 - 화이트,"199,000원"
430,베이식 드레스 셔츠 [화이트],"33,900원"
431,코튼 워셔블 하찌 2-WAY 집업니트 가디건_오트밀,"59,900원"
432,빈티지 반 집업_라이트그레이,"64,800원"
433,탑필 캐시미어 라운드 니트 (블랙),"87,200원"
434,어프로칭 후드 윈드 브레이커 블랙,"59,900원"
435,청키 라이너 (CHUNKY LINER) NY (L.Grey),"139,000원"
436,REVERSIBLE NO COLLOR BOA FLEECE JACKET IVORY / BLACK,"152,100원"
437,[패키지] 더블 코튼 무지 긴팔티 12종 2pack JHLT1273,"39,800원"
438,코듀로이 치노재킷 - 네이비,"499,000원"
439,Classic Sweat Pants [Black],"39,000원"
440,오버핏 아치 로고 스웨트 셔츠-와인,"39,900원"
441,GEOMETRY HOODIE [6 COLOR],"149,000원"
442,코튼 워셔블 하찌 2-WAY 후드집업 니트_오트밀,"69,900원"
443,[22F/W 리뉴얼] 오버사이즈 멜톤 콘보이 더플 코트 네이비,"89,900원"
444,미니멀 소프트 울 자켓 [BLACK],"139,200원"
445,[패키지] 크로플 코듀로이 와이드팬츠 2PACK MJLP7618,"64,900원"
446,Stripe Vintage Sweatshirt Black,"64,800원"
447,[ONEMILE WEAR] 2PACK SMALL ARCH LS WHITE / BLACK,"59,000원"
448,버킷 마운틴 LT (L/BEIGE),"76,300원"
449,[패키지] 헤이즈 오버핏 스웨트셔츠 [쭈리/기모] 2PACK KJMT2369 / KJMT2400,"53,900원"
450,[Woman]울리치 트렌치 맥코트_Black,"118,000원"
451,3M 신슐레이트 퀼팅자켓 블랙 FPJ201,"68,000원"
452,젠더리스 와이드 밴딩 슬랙스 [블랙],"39,900원"
453,Flocking Symbol Logo Hoodie White Melange,"60,800원"
454,우먼즈 캐시미어 블렌드 핸드메이드 더블 코트 [블랙],"199,900원"
455,베츠 어센틱 맨투맨 그레이,"41,400원"
456,우먼즈 크롭 베어프렌즈 엠보자수 맨투맨 오트밀(FCB3TS355W),"55,300원"
457,Standard Varsity Jacket Navy,"309,000원"
458,와이드 절개 벌룬팬츠 코튼 블랙,"59,800원"
459,올드스쿨 36 DX - (애너하임 팩토리) - 블랙:화이트 / VN0A38G2PXC1,"99,000원"
460,테이퍼드 히든 밴딩 크롭 슬랙스 [미디엄 그레이],"39,900원"
461,라이트웨이트 크루 삭스 7팩 [블랙],"17,890원"
462,메쉬 스트링 백팩 블랙,"59,000원"
463,엔젤 와펜 가디건 블랙,"62,300원"
464,빅 대디 오버사이즈 블레이저 [블랙],"89,900원"
465,노맨틱 히든 라이닝 HQ 자켓 블랙,"258,000원"
466,엔젤 와펜 후드 그레이,"55,200원"
467,화란 세미오버 니트 크림,"61,600원"
468,DANKER LIGHT(댄커 라이트) 블랙 (UN323CBP77),"149,000원"
469,UNISEX LAUREL OVERSIZED HOODIE CREAM,"48,300원"
470,NA3BN53A 캠프그라운드 EX 아노락,"106,335원"
471,여 아이보리 숏 렝스 스탠드 카라 푸퍼 다운 재킷 J221163 ACF,"251,100원"
472,dual pocket messenger bag / black,"92,800원"
473,SWEATSHIRT FLOWERMARDI_BLACK CREAM,"67,500원"
474,척테일러 올스타 무브 블랙 570256C,"71,100원"
475,BUCKLE WIDE DENIM PANTS BLACK,"51,750원"
476,Deep One Tuck Sweat Pants [White Grey],"39,000원"
477,22FW OVERSIZED CASHMERE BALMACAAN COAT DUSTY BROWN,"269,100원"
478,아노락 쓰리피스 풀 셋업_블랙,"60,000원"
479,SIGN LOGO HOOD GRAY,"34,500원"
480,[10PACK] 1507 모노 트라우져 하프 삭스 _ 화이트/스노우화이트/블랙,"13,900원"
481,카라 케이블 니트 집업 아이보리,"55,800원"
482,라이트웨이트 크루 삭스 10팩 [화이트/블랙],"27,900원"
483,원 턱 와이드 라운지 스웨트 팬츠 [미디엄 그레이],"40,900원"
484,윈드 테이커 자켓 4.COL,"129,000원"
485,O3700 Coduroy varsity jacket_Deep navy,"119,000원"
486,M65 Down Blouson Parka Charcoal,"296,000원"
487,[오리지널스]COMFY ONE TUCK SELVAGE DENIM PANTS_INDIGO,"84,150원"
488,이지 와이드 밴딩 슬랙스 블랙,"31,000원"
489,(22FW) [ONEMILE WEAR] SMALL ARCH CREWNECK NAVY,"53,100원"
490,TC5-SH08 프렌치 스트라이프 셔츠-네이비,"59,700원"
491,레더 코트 스니커즈 [화이트],"69,900원"
492,RDS 롱 다운 파카 블랙,"251,100원"
493,MA-1 항공점퍼 ROA01F 블랙,"72,900원"
494,SWEATSHIRT FLOWERMARDI_GREY IVORY,"67,500원"
495,5IN OG HI - 독일군 스니커즈 키높이 버전,"89,000원"
496,오버핏 비건레더 보머 자켓,"95,000원"
497,시티보이 빅오버 옥스포드 셔츠_Off White,"39,800원"
498,헤비웨이트 오버사이즈 후디드 스웨트 집업 [미디엄 그레이],"53,900원"
499,유스 와이드 카고팬츠 4종 블랙 YHLP2159,"43,900원"
500,Punk Town - MOD4 crop,"68,600원"
501,캐시미어 블렌드 대디 숄더 더블 롱 코트 [블랙],"199,900원"
502,울 니트 가디건 자켓_Midnight blue,"54,900원"
503,Oblong bag · 오블롱백,"119,000원"
504,엔보이 BLACK,"103,500원"
505,CROPPED HAIRY KNIT - GRASS GREEN,"109,000원"
506,사계절 쓰리턱 트레이닝팬츠 (2color),"43,400원"
507,[내피분리형] US-ARMY 밀리터리 피쉬테일 후드 롱파카_블랙,"98,900원"
508,레이어드 크루 넥 반팔 티셔츠_일반 기장 2팩,"33,800원"
509,C 로고 맨투맨 블랙,"53,100원"
510,O LOGO VARSITY COWHIDE JACKET_NAVY/CREAM,"278,800원"
511,1B99 버지니아 14홀 부츠 블랙 / 11820008,"251,900원"
512,깡 스타일리스트 X 플랙 베를린 K75 로우,"69,000원"
513,오버사이즈 모던 체크 블레이저,"127,200원"
514,1880 PURE CREAM JEANS [WIDE STRAIGHT],"63,960원"
515,465-1 비건 레더 오버핏 자켓,"72,500원"
516,다운 푸퍼 숏 패딩 재킷 [블랙],"119,900원"
517,라이트웨이트 미들 삭스 7팩 [화이트],"19,900원"
518,코듀라 1ST 트러커 RAW 데님 자켓 인디고 로우,"98,100원"
519,22년형 레거시91 테크 스우시 캡 모자 블랙,"27,900원"
520,빅로고 보아 플리스 점퍼 - 그레이,"71,200원"
521,테이퍼드 히든 밴딩 크롭 슬랙스 [라이트 베이지],"39,900원"
522,샤기 플리스 집업 재킷 [블랙],"29,900원"
523,커스텀핏 포플린 셔츠 - 화이트,"199,000원"
524,릴렉스드 베이식 블레이저 [미디엄 그레이],"81,900원"
525,포럼 로우 CL - 블랙:화이트 / HQ1494,"94,900원"
526,Classic String Sweat Pants [Grey],"39,000원"
527,클래식핏 스트레치 셔츠 - 화이트,"199,000원"
528,MA-1 레귤러 Gun Metal,"279,000원"
529,Flying Tigers Heavy Weight Sweat Shirt Vintage Black,"79,000원"
530,와이드 빅포켓 밴딩 카고 팬츠 블랙,"55,200원"
531,캐시팝 트위드 크루넥 니트 (블랙),"99,000원"
532,NBP7CF742G / ML2002R0 (GREY),"149,000원"
533,NBP7CF751G / CM878MC1 (GRAY),"129,000원"
534,하찌 엘보 볼륨 풀오버_네이비,"71,400원"
535,[22F/W 리뉴얼] 오버사이즈 멜톤 콘보이 더플 코트 블랙,"89,900원"
536,CASHMERE BLENDED PULLOVER UNIV_GREY BLACK,"130,500원"
537,오버사이즈 블레이저 [미디엄 그레이],"71,290원"
538,(솔리드 OR 멀티트위드 선택)_12컬러 코튼 워셔블 하찌 벌키 크루넥 니트,"39,900원"
539,와이드 데님 팬츠 [크림],"49,900원"
540,SPELL POINT KNIT ZIP UP IN GREY,"178,000원"
541,NJ1DN50L 화이트라벨 노벨티 눕시 다운 자켓,"348,000원"
542,어센틱 메신저백 블랙,"71,100원"
543,Colour Logo Hoodie White Melange,"75,650원"
544,케이블 라운드 니트 - 5 COLOR,"39,530원"
545,척 70 클래식 파치먼트 162053C,"89,100원"
546,OW LOVE KNIT(BLACK),"42,250원"
547,파로 오버 사이즈 부클 가디건 세이지 그린,"126,650원"
548,selvedge denim pants deep indigo,"99,000원"
549,[드로우핏X깡스타일리스트] 밴딩 와이드 슬랙스 [GREY],"49,800원"
550,척테일러 올스타 화이트 옥스 M7652C,"53,100원"
551,카우하이드 토트백,"137,000원"
552,엔젤 플리스 집업 아이보리,"47,400원"
553,클럽 후드티 블랙,"71,500원"
554,척 70 빈티지 캔버스 러쉬블루 168514C,"85,500원"
555,베이직 스몰로고 숏패딩 NY (Black),"289,000원"
556,헤비 보아 플리스 무톤 자켓_블랙,"89,900원"
557,슈퍼스타 82 - 블랙:화이트 / IE4195,"159,000원"
558,Banding One Tuck Wide Denim Pants - Black,"49,000원"
559,씬에어(THINAIR)ECO LITE_Black,"280,000원"
560,1931 OBJECT JEANS [CROP STRAIGHT],"58,500원"
561,알파바운스 슬라이드 - 화이트:블랙 / FX1326,"49,900원"
562,오버핏 울 가디건 (블랙),"112,500원"
563,워셔블 하프 집업 카라넥 하찌 니트 (CURRENT NAVY),"39,800원"
564,SECOND.A 스탠다드 라운드토 첼시부츠 2NDF2300GB [BLACK],"84,000원"
565,마스터 구스다운 숏패딩 -블랙-,"189,000원"
566,빅볼청키 A (BIGBALL CHUNKY A) NY (Ivory),"95,000원"
567,라인 저지 트랙 탑_차콜 그레이,"44,900원"
568,[패키지] (기모) NYC LOCATION HOOD T-SHIRTS (12COLOR) [LRPWCTH333M],"69,000원"
569,아디브레이크 팬츠 - 블랙 / GN2807,"74,900원"
570,커스텀핏 데님 셔츠 - 네이비,"189,000원"
571,375 웰던 더비 구두 루시블랙,"53,600원"
572,(22FW) 2 TONE ARCH HOODIE IVORY,"67,150원"
573,[HIS][캐너비] 네이비 울 캐시미어 혼방  발마칸 코트 HZCO2F803N2,"359,100원"
574,스타일 36 - 마시멜로우:드레스 블루 / VN0A3DZ3KE61,"62,900원"
575,T-Logo Hoodie Light Heather Grey,"95,000원"
576,LOCATION CREWNECK [BLACK],"46,400원"
577,Bluish Medium Blue / New Stan,"69,000원"
578,데이브레이크 운동화 CK2351-111,"136,900원"
579,램스킨 100 라이더 자켓,"245,000원"
580,페일베이지 오버핏 모크넥 하프 집업 니트 IESW2F701I4,"87,000원"
581,어센틱 - 레드 / VN000EE3RED1,"69,000원"
582,[니티드X깡스타일리스트] 코튼 미니멀 라운드 니트 BLUE,"59,400원"
583,브이넥 라이트 다운 베스트 [블랙],"49,900원"
584,US-ARMY 밀리터리 코쿤핏 레이어드 후드 MA-1 자켓_블랙,"89,900원"
585,와이드 데님 팬츠 (BLEACH),"46,000원"
586,코트_블랙 화이트,"129,000원"
587,루즈테이퍼드 팬츠 Olive,"119,000원"
588,[3M 신슐레이트] 퀄팅 가디건 후드자켓_Black,"59,800원"
589,1968 HIMALAYA JEANS [WIDE STRAIGHT],"63,960원"
590,X 타이온 이너 다운 자켓 Black,"129,000원"
591,세렝게티 맨투맨 차콜,"62,050원"
592,NBPDCF719G / MR530SMG (GREY),"109,000원"
593,[Mmlg] 19MG HOOD (NATURAL SOAP),"73,800원"
594,제이든 블랙 폴리시드 스무스 15265001,"280,000원"
595,스트레이트 데님 팬츠 [블랙],"49,900원"
596,피치스킨 트윌 자켓 블랙,"44,000원"
597,M1665 글렌체크 싱글 블레이져,"115,000원"
598,여 블랙 숏 렝스 스탠드 카라 푸퍼 다운 재킷 J221163 BEH,"251,100원"
599,헤비 보아 플리스 무톤 자켓_카키,"89,900원"
600,소프트 베이직 가디건 블랙,"29,900원"
601,시티 마라톤 PT - 그레이:화이트 / GW6214,"69,900원"
602,레귤러 핏 데님 팬츠 [워시드 블랙],"49,900원"
603,RC B019 BLACK GLASS,"26,100원"
604,로고 스웨트 셔츠 - 블랙 / H37067,"47,900원"
605,Arch-Logo Hoodie Black,"89,000원"
606,XTK037 보운 니트 집업 (KHAKI),"63,200원"
607,시그니처 퍼퓸 50ml (코튼허그/코튼키스),"39,000원"
608,비건 투웨이 블루종 스웨이드 밴딩 점퍼 자켓 [브라운],"47,530원"
609,와이드 워시드 카고 데님 팬츠 블랙,"55,200원"
610,빈티지 반 집업_차콜,"64,800원"
611,포럼 로우 - 화이트:블랙 / FY7757,"119,000원"
612,Half  Zip-Up M-Logo Sweat  (JM5TSU838IV),"58,650원"
613,NJ1DN75B 남성 1996 에코 눕시 자켓,"339,000원"
614,바이오스톤 워싱 와이드 데님 팬츠 (BEIGE BLUE),"39,800원"
615,원턱 카운터 데님팬츠 [레인블랙],"98,100원"
616,[Mmlg] 19MG HOOD (REDBEAN),"73,800원"
617,조거 플렉스 FLEX (WHITE),"109,000원"
618,남성 남자 어위크 패키지 드로즈 7매입 팬티 세트 PMD2108,"29,900원"
619,5IN OG - 오리지널 독일군 스니커즈,"85,000원"
620,SIGN LOGO HOOD BLACK,"34,500원"
621,(J140) 덕 액티브 자켓 (퀼팅안감)-BLACK,"258,000원"
622,로고 스웨트 셔츠 - 라이트 그레이 / H37068,"47,900원"
623,MTR 오버핏 더블 롱 코트 (멜란지브라운),"300,600원"
624,Miller Heavyweight Cardigan Navy,"119,000원"
625,Butter bag  Classic · 버터백 클래식,"89,000원"
626,2976 첼시부츠 스무스 블랙 / 11853001,"240,000원"
627,[SET] (맨투맨 OR 후드 선택) CGP 로손 트레이닝 셋업_멜란지그레이,"69,900원"
628,브루클린 뉴트로 와이드 워시드 데님 팬츠,"126,650원"
629,N224MDW920 헤론 U넥 경량 다운 점퍼 C GREY,"149,000원"
630,리버시블 카라리스 쉐르파 집업 자켓 세이지 그린,"95,200원"
631,NBPDCF702G / ML725U (GRAY),"129,000원"
632,탑필 울 라운드 니트 (웜샌드),"61,600원"
633,스몰 트위치 로고 에어로웜 루즈핏 후드집업 그레이,"71,200원"
634,REVERSIBLE WARM UP QUILTING JACKET IVORY,"103,200원"
635,뉴필드 후드 검정 SMHD4457,"46,400원"
636,램스울 리브드 브이 넥 니트 [미디엄 그레이],"76,900원"
637,WOOL BLENDED VARSITY JACKET dark navy,"233,100원"
638,프리미어 퓨어 캐시미어 히든 싱글 코트 [DARK BROWN],"219,000원"
639,컴피쿠시 원 - (체커보드) 마시멜로우:블랙 / VN0A45J5Q4O1,"84,900원"
640,Arch-Logo Hoodie Navy,"89,000원"
641,[SET] RAW 빈티지 어센틱로고 트레이닝 셋업 (오트밀),"67,900원"
642,(22FW) [ONEMILE WEAR] SMALL ARCH CREWNECK BLACK,"53,100원"
643,척 70 빈티지 캔버스 러쉬블루 168509C,"89,100원"
644,빅 트위치 루즈핏 맨투맨 네이비,"55,200원"
645,Half  Zip-Up M-Logo Sweat  (JM5TSU838OB),"58,650원"
646,서플러스 울(WOOL) 65 세미오버 발마칸 코트_네이비,"169,000원"
647,와이드 데님 팬츠 [그레이],"49,900원"
648,오버사이즈 집업 카라 터틀넥 니트 [NAVY],"68,400원"
649,시그니처 퍼플리스 패치집업 WHMZC4T11U,"62,910원"
650,퍼피렛 - 블랙:그레이 / GY4559,"89,000원"
651,캐시미어 더블 롱 코트 BLACK,"269,000원"
652,[3M 신슐레이트] M-1965 퀄팅 피쉬테일 숏 파카_Black,"79,800원"
653,오버핏 스테디 더플 코트 (네이비),"278,800원"
654,XTK035 마리 스타디움 니트 집업 (BLACK),"71,200원"
655,네로 맨투맨 아이보리,"48,300원"
656,MTR 캐시미어 발마칸 코트 GREY BROWN,"379,000원"
657,에센셜 후드 스웻 셔츠 (CHARCOAL),"39,000원"
658,숏 퀼팅 자켓 아이보리,"71,200원"
659,우먼즈 크롭 베어프렌즈 엠보자수 후드 오트밀(FCB3TS359W),"42,000원"
660,COWHIDE LEATHER VARSITY JACKET _ NAVY,"170,100원"
661,NBPDCS101W / ML725B (WHITE),"119,000원"
662,우븐 조거 팬츠(블랙),"39,000원"
663,아크 블랙 스몰 메신저백,"68,400원"
664,041 Safari Black,"127,000원"
665,Signature hood zip-up - GREY,"78,300원"
666,레이싱 1 - 그레이 / GX8633,"59,900원"
667,3M 신슐레이트 보아 플리스 무톤 자켓 베이지,"89,900원"
668,[드로우핏X깡스타일리스트] 밴딩 테이퍼드 슬랙스 [BLACK],"49,800원"
669,뉴잭시티 후드 회색 SMHD4455,"40,700원"
670,우먼즈 플랫 테리 와이드 라운지 스웨트 팬츠 [미디엄 그레이],"33,900원"
671,빈티지 반 집업_그레이,"64,800원"
672,247 캐시미어 머플러 [GREY],"27,900원"
673,PRDA DENIM PATCH CREWNECK SHIRT BLACK,"55,500원"
674,Blue Stardust - MOD1w,"81,750원"
675,아크 로고 후디 (딥그린),"59,040원"
676,클래식 로고 바시티 자켓_네이비,"129,000원"
677,하찌 엘보 볼륨 풀오버_와인,"71,400원"
678,유니섹스 세미 와이드 밴딩 슬랙스 그레이,"33,900원"
679,NC1DN79A 액트 프리 EX 하이브리드 다운 코트,"254,150원"
680,[22FW] 울 케이블 니트 집업 가디건_BLUE,"126,650원"
681,유니섹스 세미 와이드 밴딩 슬랙스 아이보리,"33,900원"
682,탑필 울 라운드 니트 (크림),"61,600원"
683,TWO POCKET BACKPACK,"83,300원"
684,헤어리 소프트 알파카 가디건 (브릭멜란지),"139,500원"
685,원턱 카운터 데님팬츠 [블루],"76,300원"
686,MTR 핸드메이드 플리츠 자켓 (블랙),"252,000원"
687,UGG 오버로크 스티치 미니 부츠 (클래식 미니 ll) W - 체스넛 / 1016222CHE,"258,000원"
688,미니멀 스퀘어토 집업 부츠 R22M079 (블랙),"156,000원"
689,사피아노 신세틱 레더 벨트,"14,290원"
690,BUCKLE WIDE DENIM PANTS GREY,"48,300원"
691,릴렉스 핏 크루 넥 반팔 티셔츠 2팩,"31,800원"
692,오즈위고 - 브라운 / FX6029,"74,900원"
693,코튼 와이드 벌룬 팬츠 [베이지],"49,900원"
694,아스티어 W - 그레이 / GZ3569,"81,900원"
695,1820 BLACK STANDARD4 JEANS [CROP STRAIGHT],"68,640원"
696,울 블루종 (블랙),"179,100원"
697,Arch-Logo Hoodie Mud,"89,000원"
698,오버핏 아치 로고 스웨트 셔츠-블랙,"39,900원"
699,루키 언스트럭쳐 볼캡 LA (Green),"36,000원"
700,CASHMERE BLENDED CARDIGAN ROUND NECK_BLACK LATTE,"124,200원"
701,고밀도순면기본반팔티셔츠_3팩 MATS0101,"19,900원"
702,터틀넥 하프 집업 니트 - 5 COLOR,"52,500원"
703,(먼작귀) 먼가 작고 귀여운 잠옷(PINK)_SPPPC4TU11,"49,900원"
704,블랙쿠션 15gx2 (옵션) + [사은품 증정],"56,100원"
705,헤비 코튼 오버 럭비 맨투맨 _Melange Gray,"39,000원"
706,MULTI ZIPPER BOMBER JACKET [BLACK],"299,000원"
707,오디너리 크롭 가디건 네이비,"71,175원"
708,ANZA HQ 가죽 메신저 크로스백,"36,800원"
709,어센틱 44 DX - (애너하임 팩토리) OG 에메랄드 그린 / VN0A38ENVKZ1,"95,000원"
710,와이드 데님 팬츠 [워시드 블랙],"49,900원"
711,빅 트위치 루즈핏 후드 티셔츠 아이보리,"63,200원"
712,컴피쿠시 에라 - (페이즐리) 블랙:트루 화이트 / VN0A3WM942L1,"49,900원"
713,2WAY 스웻 후드 집업 (CHARCOAL),"42,000원"
714,세미 와이드 슬릿 히든 밴딩 슬랙스 [블랙],"41,900원"
715,라이트웨이트 베이식 블레이저 [블랙],"67,890원"
716,(22FW) 2 TONE ARCH HOODIE OATMEAL,"67,150원"
717,Heavyweight Waffle Knit Sweater Olive,"91,000원"
718,릴렉스드 베이식 블레이저 [더스티 베이지],"73,690원"
719,와이드 스웨트 조거 팬츠 그레이,"30,400원"
720,[패키지] 플레인 코튼 밴딩팬츠 CJLP7432 2PACK,"55,900원"
721,High Density Corduroy Jacket (Black),"160,300원"
722,N224WFJ910 여성 코스토니 플리스 뽀글이 후드 풀집업 SUGAR SWIZZLE IVORY,"159,000원"
723,와이드 데님 팬츠 (R.INDIGO),"46,000원"
724,시티보이 빅오버 옥스포드 셔츠_Royal Blue,"39,800원"
725,Signature jogger pants - BLACK,"79,000원"
726,스튜디오 아치 로고 후드_네이비,"75,050원"
727,SIGNATURE HOODIE [OATMEAL],"79,000원"
728,NJ3BN55J 화이트라벨 빌란 EX 자켓,"134,300원"
729,와이드 데님 팬츠 (IVORY),"46,000원"
730,오버사이즈 폴라 플리스 하이넥 재킷 [블랙],"43,900원"
731,더블턱 와이드 슬랙스[그레이],"39,900원"
732,[니티드X깡스타일리스트] 코튼 미니멀 라운드 니트 PINK,"59,400원"
733,[패키지] 루즈핏 조거 트레이닝 스웨트 팬츠,"39,900원"
734,[Mmlg] 19MG HOOD (FISH BLUE),"73,800원"
735,WOOL BALMACAAN COAT (OATMEAL BEIGE),"339,000원"
736,푸마 X 아미 크루넥 - 오렌지 / 534111-95,"124,900원"
737,척 70 빈티지 캔버스 울프그레이 170555C,"85,500원"
738,릴렉스드 테이퍼드 히든 밴딩 크롭 슬랙스 [블랙],"39,900원"
739,오버사이즈 유틸리티 코튼 블루종 집업 자켓 [블랙],"58,410원"
740,스몰 트위치로고 코튼 커브 볼캡 베이지,"27,550원"
741,[깡스타일리스트 콜라보] 디태처블 울 블레이저 BLACK,"179,000원"
742,[3PACK] 패딩 프리오더 올인원 기프트팩,"99,000원"
743,워셔블 하프 집업 카라넥 하찌 니트 (PURE BLACK),"29,800원"
744,울 보카시 라운드 니트 - 4 COLOR,"45,500원"
745,N224MDW930 남성 타루가 퍼 트리밍 후디 구스다운 점퍼 CARBON BLACK,"379,000원"
746,코드 후드 집업 자켓 블랙,"49,900원"
747,Miller Heavyweight Cardigan Dust,"119,000원"
748,C 로고 맨투맨 멜란지 그레이,"41,300원"
749,헤비웨이트 오버사이즈 스웨트셔츠 [블랙],"39,900원"
750,Signature hood zip-up - BLACK,"78,300원"
751,캠프 바시티 피그먼트 스웨트셔츠 블루 섀도우,"49,900원"
752,스티치 칼라 플랫폼 슬리퍼 (타즈) W - 체스넛 / 1122553CHE,"178,000원"
753,(22FW) PHYPS® BEARS BASKETBALL DIET HOODIE GRAY,"73,800원"
754,솔리스트 캐시미어 코트 BLACK,"239,000원"
755,N-COVER 볼캡 NY (BLACK),"36,000원"
756,P[1003]롱 와이드 코튼팬츠(베이지),"29,000원"
757,뉴필드 후드 백오트밀 SMHD4457,"46,400원"
758,[SCOTT] 스캇 토트백,"169,200원"
759,레체 투 톤 집업 자켓 글리터 그린 브라운,"224,100원"
760,남성 오버사이즈 스니커즈 - 화이트:블랙 / 553680WHGP59061,"499,000원"
761,댄싱 스켈레톤 집 폴로 니트_블랙(NG2CFUK680A),"63,200원"
762,베이직 메가로고 스탠드넥 후리스 점퍼 NY (Black),"209,000원"
763,N-COVER 언스트럭쳐 볼캡 LA (Navy),"36,000원"
764,[2PACK] 베이식 무지 레이어드 반팔 티셔츠 일반 기장,"14,900원"
765,[드로우핏X깡스타일리스트] 밴딩 테이퍼드 슬랙스 [L.BEIGE],"49,800원"
766,NJ4FN57B 플레이 그린 플리스 후디,"161,100원"
767,CLASSIC LOGO KNIT PULLOVER ivory,"122,550원"
768,메신저백7탄 - 블랙(2020),"32,000원"
769,0891 코즈웨이 소가죽 베이직 페니 로퍼 밴타블랙,"76,000원"
770,M 시티 스웨트 팬츠 - 블랙 / HC9969,"39,900원"
771,엔젤 와펜 맨투맨 블랙,"50,150원"
772,C 로고 맨투맨 피그먼트 크림,"41,300원"
773,[제멋X식스핏] VTG 코트 스니커즈 (키높이 버전),"85,000원"
774,빅 트위치 로고 풀오버 니트 아이보리,"63,200원"
775,SPELL POINT KNIT ZIP UP IN NAVY,"178,000원"
776,슬림 핏 케이블니트 스웨터 - 크림,"219,000원"
777,SWEATSHIRT UNIV_NAVY IVORY,"67,500원"
778,우먼즈 와이드 히든 밴딩 슬랙스 [블랙],"41,900원"
779,STADIUM JACKET (NAVY),"198,000원"
780,블랙 CKJ 모노그램 엠브로이더리 볼캡 HX0263 001,"59,000원"
781,와이드 코듀로이 팬츠 [블랙],"47,900원"
782,RDS 커버라이트 카라리스 다운 점퍼 아이보리,"107,100원"
783,오버핏 울 가디건 (그레이),"112,500원"
784,191 베이직 레더 키높이 첼시 부츠 루시블랙,"66,400원"
785,클래식 카라 헨리넥 스웨터 니트 차콜,"55,200원"
786,XT-6 - 델리시오소:블랙:초콜렛 퐁당:피치 베이지 / L41751500,"260,000원"
787,린넨 라이크 세미 와이드 밴딩 팬츠 세트,"49,900원"
788,깡 스타일리스트 X 플랙 스티즈 K75 화이트,"89,000원"
789,zip wp hood jacket black,"159,200원"
790,뉴 빈티지 더비 R22M011 (크랙 블랙),"152,000원"
791,맨즈 드로즈 3팩,"19,690원"
792,헤비웨이트 오버사이즈 후디드 스웨트셔츠 [블랙],"49,900원"
793,척테일러 올스타 무브 블랙 568497C,"76,500원"
794,남성 오버사이즈 스니커즈 - 화이트:블랙 / 553680WHGP59061,"505,000원"
795,[DIVO] RDS 유틸리티 덕다운 베스트_블랙,"89,900원"
796,2724 Washing denim jacket (Black),"55,000원"
797,홀리데이 시그니처 볼 캡 [그린],"35,100원"
798,[SET] 2-WAY 테크 숏 자켓 셋업_블랙,"79,900원"
799,로럴골든 후드티_오트밀,"49,500원"
800,이지 와이드 데님 팬츠 딥블랙,"42,000원"
801,[SET] (맨투맨 OR 후드 선택) CGP 아치 로고 트레이닝 셋업_블랙,"69,900원"
802,[블랙]SET B-스테디 하프 폴라넥,"33,800원"
803,베츠 어센틱 맨투맨 오트밀,"41,400원"
804,커브드 와이드 데님 팬츠_크림,"85,600원"
805,빈티지 무드 베이스볼 자켓 (네이비),"63,000원"
806,와이드 히든 밴딩 슬랙스 [더스티 베이지],"41,900원"
807,턱 벌룬핏 와이드 스웻 팬츠 (MELANGE GRAY),"44,100원"
808,코튼 워셔블 하찌 2-WAY 집업니트 가디건_퓨어 블랙,"47,600원"
809,Signature relax wide pants - GREY,"79,000원"
810,럭비 카라 니트 - 4 COLOR,"65,340원"
811,하비스트 오버핏 기모 후드 네이비 OYHD2393,"39,800원"
812,N224UFJ903 세미 오버핏 플리스 풀집업 CARBON BLACK,"139,000원"
813,우먼즈 릴렉스드 라운지 스웨트 팬츠 [미디엄 그레이],"33,900원"
814,와이드 빅포켓 밴딩 카고 팬츠 진베이지,"55,200원"
815,Boucle bear 오버핏 기모 맨투맨 티셔츠  AMM910 (NAVY),"34,900원"
816,테오 코튼 올 데이 후드 집업 멜란지 그레이,"134,100원"
817,커스텀핏 옥스포드 셔츠 - 블루,"199,000원"
818,스웨트 팬츠 [블랙],"31,900원"
819,CGP 아치 로고 후드 집업_멜란지그레이,"49,900원"
820,[본챔스X러디칙스] 러디 이모션 니트 B22FT09IV,"62,100원"
821,오버핏 크롭 카라 가디건 [네이비],"77,300원"
822,V.S.C SWEAT(OLYMPIA)_1% MELANGE GRAY,"65,700원"
823,Typeservice Web Cap [Dark Gray],"39,000원"
824,폴라 플리스 윈드브레이커 - 블랙 / HN0388,"89,400원"
825,OORIGINAL BLACK - 조리 블랙,"62,000원"
826,어센틱 로고 후디 집업 멜란지 그레이,"89,000원"
827,에라 - 체커보드 블랙:마쉬멜로우 / VN0A5JML1KP1,"44,900원"
828,[패키지] 더블코튼 무지반팔  패키지 KHST1011,"29,900원"
829,Essential 오버핏 2Way 후드집업 트레이닝 셋업,"49,900원"
830,리뉴얼Ver]세미와이드 카고조거 스토퍼 Black,"57,300원"
831,시티 마라톤 PT - 베이지:네이비 / D67397,"104,900원"
832,램스울 크루넥 오버니트(그레이),"37,800원"
833,TAG HOODIE - BURGANDY,"69,000원"
834,척테일러 올스타 캔버스 리프트 화이트 560251C,"67,500원"
835,Turn me On Black - MOD1w,"84,800원"
836,[SET] (긴바지 OR 반바지 선택) CGP 헤리티지 럭비 맨투맨 셋업_스트라이프,"69,900원"
837,슈퍼스타 - 블랙:블랙 / EG4957,"119,000원"
838,2022 LG트윈스 어센틱 유광점퍼,"249,000원"
839,루트 패딩(2 colors),"350,100원"
840,에센셜 다운 자켓 BLACK,"134,000원"
841,유스풀 벌룬 후드집업 네이비 SJHD1327,"39,800원"
842,4.5cm 소가죽 코만도 첼시부츠 루틴(CR0011),"79,200원"
843,반집업 스웨터_SPKAC4TM03,"59,900원"
844,폴로 치노 베이스볼 캡-누벅,"79,000원"
845,미시간 울버린 피그먼트 후드티 다크 블루,"54,900원"
846,울 니트 가디건 자켓_Brown,"54,900원"
847,리버시블 쉐르파 집업 자켓 베이지,"103,200원"
848,깡 스타일리스트 X 플랙 비건 레더 자켓,"159,000원"
849,포럼 볼드 W - 화이트 / FY9042,"114,900원"
850,어센틱 로고 후디 네이비,"71,100원"
851,HERITAGE HUNTING JACKET _ OLIVE,"124,200원"
852,우먼즈 캐시미어 블렌드 핸드메이드 발마칸 로브 코트 [블랙],"199,900원"
853,다운 푸퍼 패딩 베스트 [블랙],"89,900원"
854,앱솔루트 백팩 블랙,"79,000원"
855,릴렉스드 베이식 블레이저 [차콜 그레이],"81,900원"
856,척 70 빈티지 캔버스 화이트 162065C,"85,500원"
857,오버사이즈 울 트렌치 코트 [GREYISH BEIGE],"156,700원"
858,라운드 토 베이직 플랫 롱부츠 412148001 (3.5cm/3color),"65,450원"
859,N224MFJ910 남성 코스토니 플리스 뽀글이 후드 풀집업 BEIGE,"159,000원"
860,에센셜 미니멀 블루종_Black,"69,800원"
861,레플리카 퍼티그 팬츠 [베이지],"43,900원"
862,#0245 Black crude wide fit,"72,520원"
863,솔리드 무톤 자켓 (블랙화이트),"158,000원"
864,SKADI DUCK DOWN - GLOSSY BLACK,"249,000원"
865,NSW 에센셜+ 프렌치테리 후드티 DD4667-010,"86,200원"
866,MATIN KIM LOGO COATING JUMPER,"143,000원"
867,M-Logo Fleece  (JN5TZU191IV),"79,000원"
868,비건 레더 오버사이즈 싱글 재킷 [블랙],"119,900원"
869,어센틱 로고 후디 블랙,"71,100원"
870,우먼즈 릴렉스드 크루 넥 긴팔 티셔츠 [화이트],"18,900원"
871,아디매틱 - 네이비 / GY2088,"139,000원"
872,스트라이프 럭비 맨투맨 네이비,"79,000원"
873,웨이비 바시티 재킷 네이비,"178,200원"
874,버핑레더 문 슬링백_Black,"39,900원"
875,[기모] 구미 베어&로고 후디_블랙(NG2CFUM400A),"63,200원"
876,베이직 로고 후드 그레이,"59,250원"
877,스티치 칼라 슈즈 (타스만) W - 체스넛 / 5955CHE,"178,000원"
878,CARGO STRING PANTS _ BLACK,"58,900원"
879,M65 Down Blouson Parka Olive,"296,000원"
880,베츠 어센틱 맨투맨 블랙,"41,400원"
881,980g pigment CUT hood-chacoal-,"66,800원"
882,TCM bgc cap,"39,000원"
883,숏 퀼팅 자켓 올리브,"71,200원"
884,캐시미어 블렌드 오버사이즈 더플 코트 [네이비],"239,900원"
885,NBPDCF715S / MR530VS (SILVER),"119,000원"
886,오버사이즈 모즈 울 블레이저 [DARK BROWN],"127,200원"
887,유스풀 벌룬 후드집업 블랙 SJHD1327,"39,800원"
888,SKADI DUCK DOWN - MATTE BLACK,"249,000원"
889,베이식 긴팔 티셔츠 [블랙],"18,900원"
890,RETRIEVER FRIENDS CREWNECK [GREEN],"57,600원"
891,프리미엄 램스킨 베지터블 싱글 자켓,"330,000원"
892,NSW 윈드러너 바람막이 자켓 블랙,"115,700원"
893,N224WDW920 여성 헤론 U넥 경량 덕다운 점퍼 C PINK,"149,000원"
894,에센셜 스웨트셔츠 W - 화이트 / H40022,"43,900원"
895,리버서블 푸퍼_SPJDC4VC14,"89,900원"
896,NSW 클럽 트레이닝바지 BV2714-010,"62,000원"
897,N224WFJ910 여성 코스토니 플리스 뽀글이 후드 풀집업 CARBON BLACK,"159,000원"
898,스웨트 팬츠 [멜란지 그레이],"31,900원"
899,oam.factory X PLAC  스텝 M22 미드 블루,"89,000원"
